{
  "counts": {
    "vector": 1017,
    "graph": 3241,
    "math": 1846
  },
  "values": {
    "vector": 0.9923579154375609,
    "graph": 0.925610614008023,
    "math": 0.9994582881906826
  },
  "epsilon": 0.2
}