{
  "counts": {
    "vector": 1474,
    "graph": 4171,
    "math": 2250
  },
  "values": {
    "vector": 0.9930115332428755,
    "graph": 0.9230455526252702,
    "math": 0.9995555555555556
  },
  "epsilon": 0.2
}